id	anneals to	sequence	annealing temperature	length	price(DKK)	description	footprint	len_footprint
P001	pMLS1	AATTTAATCTTTAGGGAGGG	56.11	20	36.0	Anneals to pMLS1	AATTTAATCTTTAGGGAGGG	20
P002	pMLS1	CGATGAGGAGTCCATGACCGATTTTTCTTAATTCTTTTATGTGCTTTTA	56.18	49	88.2	Anneals to pMLS1, overlaps to 2349bp_PCR_prod	TTTTTCTTAATTCTTTTATGTGCTTTTA	28
P003	AhuCPR_tCYC1	AAGAATTAAGAAAAATCGGTCATGGACTCCTCATCG	53.04	36	64.8	Anneals to AhuCPR_tCYC1, overlaps to pMLS1	ATGGACTCCTCATCG	15
P004	AhuCPR_tCYC1	TTCTCAAGCAAGGTTTTC	53.5	18	32.4	Anneals to AhuCPR_tCYC1	TTCTCAAGCAAGGTTTTC	18
P005	pMLS1	GGTTGTAGATTGCATGACCGATTTTTCTTAATTCTTTTATGTGCTTTTA	56.18	49	88.2	Anneals to pMLS1, overlaps to 2319bp_PCR_prod	TTTTTCTTAATTCTTTTATGTGCTTTTA	28
P006	AanCPR_tCYC1	AAGAATTAAGAAAAATCGGTCATGCAATCTACAACCTCC	56.61	39	70.2	Anneals to AanCPR_tCYC1, overlaps to pMLS1	ATGCAATCTACAACCTCC	18
P007	AanCPR_tCYC1	TTCTCAAGCAAGGTTTTCAG	57.04	20	36.0	Anneals to AanCPR_tCYC1	TTCTCAAGCAAGGTTTTCAG	20
P008	pMLS1	AGAAGAAGAATCCATGACCGATTTTTCTTAATTCTTTTATGTGCTTTTA	56.18	49	88.2	Anneals to pMLS1, overlaps to 2349bp_PCR_prod	TTTTTCTTAATTCTTTTATGTGCTTTTA	28
P009	CloCPR_tCYC1	AAGAATTAAGAAAAATCGGTCATGGATTCTTCTTCTGAAAAATT	54.68	44	79.2	Anneals to CloCPR_tCYC1, overlaps to pMLS1	ATGGATTCTTCTTCTGAAAAATT	23
P010	CloCPR_tCYC1	TTCTCAAGCAAGGTTTTCA	55.63	19	34.2	Anneals to CloCPR_tCYC1	TTCTCAAGCAAGGTTTTCA	19
P011	pMLS1	ACTACTTGACTGCATGACCGATTTTTCTTAATTCTTTTATGTGCTTTTA	56.18	49	88.2	Anneals to pMLS1, overlaps to 2331bp_PCR_prod	TTTTTCTTAATTCTTTTATGTGCTTTTA	28
P012	CacCPR_tCYC1	AAGAATTAAGAAAAATCGGTCATGCAGTCAAGTAGTGTAA	54.85	40	72.0	Anneals to CacCPR_tCYC1, overlaps to pMLS1	ATGCAGTCAAGTAGTGTAA	19
P013	pMLS1	ATCCAATTGAGCCATGACCGATTTTTCTTAATTCTTTTATGTGCTTTTA	56.18	49	88.2	Anneals to pMLS1, overlaps to 2289bp_PCR_prod	TTTTTCTTAATTCTTTTATGTGCTTTTA	28
P014	AniCPR_tCYC1	AAGAATTAAGAAAAATCGGTCATGGCTCAATTGGATACT	55.31	39	70.2	Anneals to AniCPR_tCYC1, overlaps to pMLS1	ATGGCTCAATTGGATACT	18
P015	pMLS1	TTCAGTTTCATCCATGACCGATTTTTCTTAATTCTTTTATGTGCTTTTA	56.18	49	88.2	Anneals to pMLS1, overlaps to 2244bp_PCR_prod	TTTTTCTTAATTCTTTTATGTGCTTTTA	28
P016	CpoCPR_tCYC1	AAGAATTAAGAAAAATCGGTCATGGATGAAACTGAAGCTA	54.98	40	72.0	Anneals to CpoCPR_tCYC1, overlaps to pMLS1	ATGGATGAAACTGAAGCTA	19
P017	pMLS1	TGAGGTGGAGTCCATGACCGATTTTTCTTAATTCTTTTATGTGCTTTTA	56.18	49	88.2	Anneals to pMLS1, overlaps to 2331bp_PCR_prod	TTTTTCTTAATTCTTTTATGTGCTTTTA	28
P018	OeuCPR_tCYC1	AAGAATTAAGAAAAATCGGTCATGGACTCCACCTCA	55.76	36	64.8	Anneals to OeuCPR_tCYC1, overlaps to pMLS1	ATGGACTCCACCTCA	15
P019	pMLS1	AAGAGCTGATGTCATGACCGATTTTTCTTAATTCTTTTATGTGCTTTTA	56.18	49	88.2	Anneals to pMLS1, overlaps to 2283bp_PCR_prod	TTTTTCTTAATTCTTTTATGTGCTTTTA	28
P020	AthATR1_tCYC1	AAGAATTAAGAAAAATCGGTCATGACATCAGCTCTTTACG	55.6	40	72.0	Anneals to AthATR1_tCYC1, overlaps to pMLS1	ATGACATCAGCTCTTTACG	19
P021	pMLS1	GGAGGATGAGTCCATGACCGATTTTTCTTAATTCTTTTATGTGCTTTTA	56.18	49	88.2	Anneals to pMLS1, overlaps to 2349bp_PCR_prod	TTTTTCTTAATTCTTTTATGTGCTTTTA	28
P022	CroCPR_tCYC1	AAGAATTAAGAAAAATCGGTCATGGACTCATCCTCC	53.48	36	64.8	Anneals to CroCPR_tCYC1, overlaps to pMLS1	ATGGACTCATCCTCC	15
P023	pTPI1	AAAAGGATGAGCCAAGAA	55.38	18	32.4	Anneals to pTPI1	AAAAGGATGAGCCAAGAA	18
P024	pTPI1	CGATGAGGAGTCCATGACCGATTTTTTAGTTTATGTATGTGTTTTTTG	55.08	48	86.4	Anneals to pTPI1, overlaps to 2349bp_PCR_prod	TTTTTTAGTTTATGTATGTGTTTTTTG	27
P025	AhuCPR_tCYC1	ACATAAACTAAAAAATCGGTCATGGACTCCTCATCG	53.04	36	64.8	Anneals to AhuCPR_tCYC1, overlaps to pTPI1	ATGGACTCCTCATCG	15
P026	pTPI1	GGTTGTAGATTGCATGACCGATTTTTTAGTTTATGTATGTGTTTTTTG	55.08	48	86.4	Anneals to pTPI1, overlaps to 2319bp_PCR_prod	TTTTTTAGTTTATGTATGTGTTTTTTG	27
P027	AanCPR_tCYC1	ACATAAACTAAAAAATCGGTCATGCAATCTACAACCTCC	56.61	39	70.2	Anneals to AanCPR_tCYC1, overlaps to pTPI1	ATGCAATCTACAACCTCC	18
P028	pTPI1	AGAAGAAGAATCCATGACCGATTTTTTAGTTTATGTATGTGTTTTTTG	55.08	48	86.4	Anneals to pTPI1, overlaps to 2349bp_PCR_prod	TTTTTTAGTTTATGTATGTGTTTTTTG	27
P029	CloCPR_tCYC1	ACATAAACTAAAAAATCGGTCATGGATTCTTCTTCTGAAAAATT	54.68	44	79.2	Anneals to CloCPR_tCYC1, overlaps to pTPI1	ATGGATTCTTCTTCTGAAAAATT	23
P030	pTPI1	ACTACTTGACTGCATGACCGATTTTTTAGTTTATGTATGTGTTTTTTG	55.08	48	86.4	Anneals to pTPI1, overlaps to 2331bp_PCR_prod	TTTTTTAGTTTATGTATGTGTTTTTTG	27
P031	CacCPR_tCYC1	ACATAAACTAAAAAATCGGTCATGCAGTCAAGTAGTGTAA	54.85	40	72.0	Anneals to CacCPR_tCYC1, overlaps to pTPI1	ATGCAGTCAAGTAGTGTAA	19
P032	pTPI1	ATCCAATTGAGCCATGACCGATTTTTTAGTTTATGTATGTGTTTTTTG	55.08	48	86.4	Anneals to pTPI1, overlaps to 2289bp_PCR_prod	TTTTTTAGTTTATGTATGTGTTTTTTG	27
P033	AniCPR_tCYC1	ACATAAACTAAAAAATCGGTCATGGCTCAATTGGATACT	55.31	39	70.2	Anneals to AniCPR_tCYC1, overlaps to pTPI1	ATGGCTCAATTGGATACT	18
P034	pTPI1	TTCAGTTTCATCCATGACCGATTTTTTAGTTTATGTATGTGTTTTTTG	55.08	48	86.4	Anneals to pTPI1, overlaps to 2244bp_PCR_prod	TTTTTTAGTTTATGTATGTGTTTTTTG	27
P035	CpoCPR_tCYC1	ACATAAACTAAAAAATCGGTCATGGATGAAACTGAAGCTA	54.98	40	72.0	Anneals to CpoCPR_tCYC1, overlaps to pTPI1	ATGGATGAAACTGAAGCTA	19
P036	pTPI1	TGAGGTGGAGTCCATGACCGATTTTTTAGTTTATGTATGTGTTTTTTG	55.08	48	86.4	Anneals to pTPI1, overlaps to 2331bp_PCR_prod	TTTTTTAGTTTATGTATGTGTTTTTTG	27
P037	OeuCPR_tCYC1	ACATAAACTAAAAAATCGGTCATGGACTCCACCTCA	55.76	36	64.8	Anneals to OeuCPR_tCYC1, overlaps to pTPI1	ATGGACTCCACCTCA	15
P038	pTPI1	AAGAGCTGATGTCATGACCGATTTTTTAGTTTATGTATGTGTTTTTTG	55.08	48	86.4	Anneals to pTPI1, overlaps to 2283bp_PCR_prod	TTTTTTAGTTTATGTATGTGTTTTTTG	27
P039	AthATR1_tCYC1	ACATAAACTAAAAAATCGGTCATGACATCAGCTCTTTACG	55.6	40	72.0	Anneals to AthATR1_tCYC1, overlaps to pTPI1	ATGACATCAGCTCTTTACG	19
P040	pTPI1	GGAGGATGAGTCCATGACCGATTTTTTAGTTTATGTATGTGTTTTTTG	55.08	48	86.4	Anneals to pTPI1, overlaps to 2349bp_PCR_prod	TTTTTTAGTTTATGTATGTGTTTTTTG	27
P041	CroCPR_tCYC1	ACATAAACTAAAAAATCGGTCATGGACTCATCCTCC	53.48	36	64.8	Anneals to CroCPR_tCYC1, overlaps to pTPI1	ATGGACTCATCCTCC	15
P042	pURE2	AACAAGCTGAACTCGC	54.85	16	28.8	Anneals to pURE2	AACAAGCTGAACTCGC	16
P043	pURE2	CGATGAGGAGTCCATGACCGATTTTGGTGTAGAACTTAATTTG	54.15	43	77.4	Anneals to pURE2, overlaps to 2349bp_PCR_prod	TTTTGGTGTAGAACTTAATTTG	22
P044	AhuCPR_tCYC1	AGTTCTACACCAAAATCGGTCATGGACTCCTCATCG	53.04	36	64.8	Anneals to AhuCPR_tCYC1, overlaps to pURE2	ATGGACTCCTCATCG	15
P045	pURE2	GGTTGTAGATTGCATGACCGATTTTGGTGTAGAACTTAATTTG	54.15	43	77.4	Anneals to pURE2, overlaps to 2319bp_PCR_prod	TTTTGGTGTAGAACTTAATTTG	22
P046	AanCPR_tCYC1	AGTTCTACACCAAAATCGGTCATGCAATCTACAACCTCC	56.61	39	70.2	Anneals to AanCPR_tCYC1, overlaps to pURE2	ATGCAATCTACAACCTCC	18
P047	pURE2	AGAAGAAGAATCCATGACCGATTTTGGTGTAGAACTTAATTTG	54.15	43	77.4	Anneals to pURE2, overlaps to 2349bp_PCR_prod	TTTTGGTGTAGAACTTAATTTG	22
P048	CloCPR_tCYC1	AGTTCTACACCAAAATCGGTCATGGATTCTTCTTCTGAAAAATT	54.68	44	79.2	Anneals to CloCPR_tCYC1, overlaps to pURE2	ATGGATTCTTCTTCTGAAAAATT	23
P049	pURE2	ACTACTTGACTGCATGACCGATTTTGGTGTAGAACTTAATTTG	54.15	43	77.4	Anneals to pURE2, overlaps to 2331bp_PCR_prod	TTTTGGTGTAGAACTTAATTTG	22
P050	CacCPR_tCYC1	AGTTCTACACCAAAATCGGTCATGCAGTCAAGTAGTGTAA	54.85	40	72.0	Anneals to CacCPR_tCYC1, overlaps to pURE2	ATGCAGTCAAGTAGTGTAA	19
P051	pURE2	ATCCAATTGAGCCATGACCGATTTTGGTGTAGAACTTAATTTG	54.15	43	77.4	Anneals to pURE2, overlaps to 2289bp_PCR_prod	TTTTGGTGTAGAACTTAATTTG	22
P052	AniCPR_tCYC1	AGTTCTACACCAAAATCGGTCATGGCTCAATTGGATACT	55.31	39	70.2	Anneals to AniCPR_tCYC1, overlaps to pURE2	ATGGCTCAATTGGATACT	18
P053	pURE2	TTCAGTTTCATCCATGACCGATTTTGGTGTAGAACTTAATTTG	54.15	43	77.4	Anneals to pURE2, overlaps to 2244bp_PCR_prod	TTTTGGTGTAGAACTTAATTTG	22
P054	CpoCPR_tCYC1	AGTTCTACACCAAAATCGGTCATGGATGAAACTGAAGCTA	54.98	40	72.0	Anneals to CpoCPR_tCYC1, overlaps to pURE2	ATGGATGAAACTGAAGCTA	19
P055	pURE2	TGAGGTGGAGTCCATGACCGATTTTGGTGTAGAACTTAATTTG	54.15	43	77.4	Anneals to pURE2, overlaps to 2331bp_PCR_prod	TTTTGGTGTAGAACTTAATTTG	22
P056	OeuCPR_tCYC1	AGTTCTACACCAAAATCGGTCATGGACTCCACCTCA	55.76	36	64.8	Anneals to OeuCPR_tCYC1, overlaps to pURE2	ATGGACTCCACCTCA	15
P057	pURE2	AAGAGCTGATGTCATGACCGATTTTGGTGTAGAACTTAATTTG	54.15	43	77.4	Anneals to pURE2, overlaps to 2283bp_PCR_prod	TTTTGGTGTAGAACTTAATTTG	22
P058	AthATR1_tCYC1	AGTTCTACACCAAAATCGGTCATGACATCAGCTCTTTACG	55.6	40	72.0	Anneals to AthATR1_tCYC1, overlaps to pURE2	ATGACATCAGCTCTTTACG	19
P059	pURE2	GGAGGATGAGTCCATGACCGATTTTGGTGTAGAACTTAATTTG	54.15	43	77.4	Anneals to pURE2, overlaps to 2349bp_PCR_prod	TTTTGGTGTAGAACTTAATTTG	22
P060	CroCPR_tCYC1	AGTTCTACACCAAAATCGGTCATGGACTCATCCTCC	53.48	36	64.8	Anneals to CroCPR_tCYC1, overlaps to pURE2	ATGGACTCATCCTCC	15
P061	pCCW12	AAAAAGAAACTTAATACGTTATGC	55.35	24	43.2	Anneals to pCCW12	AAAAAGAAACTTAATACGTTATGC	24
P062	pCCW12	CGATGAGGAGTCCATGACCGATTTATTGATATAGTGTTTAAGCGA	55.79	45	81.0	Anneals to pCCW12, overlaps to 2349bp_PCR_prod	TTTATTGATATAGTGTTTAAGCGA	24
P063	AhuCPR_tCYC1	CACTATATCAATAAATCGGTCATGGACTCCTCATCG	53.04	36	64.8	Anneals to AhuCPR_tCYC1, overlaps to pCCW12	ATGGACTCCTCATCG	15
P064	pCCW12	GGTTGTAGATTGCATGACCGATTTATTGATATAGTGTTTAAGCGA	55.79	45	81.0	Anneals to pCCW12, overlaps to 2319bp_PCR_prod	TTTATTGATATAGTGTTTAAGCGA	24
P065	AanCPR_tCYC1	CACTATATCAATAAATCGGTCATGCAATCTACAACCTCC	56.61	39	70.2	Anneals to AanCPR_tCYC1, overlaps to pCCW12	ATGCAATCTACAACCTCC	18
P066	pCCW12	AGAAGAAGAATCCATGACCGATTTATTGATATAGTGTTTAAGCGA	55.79	45	81.0	Anneals to pCCW12, overlaps to 2349bp_PCR_prod	TTTATTGATATAGTGTTTAAGCGA	24
P067	CloCPR_tCYC1	CACTATATCAATAAATCGGTCATGGATTCTTCTTCTGAAAAATT	54.68	44	79.2	Anneals to CloCPR_tCYC1, overlaps to pCCW12	ATGGATTCTTCTTCTGAAAAATT	23
P068	pCCW12	ACTACTTGACTGCATGACCGATTTATTGATATAGTGTTTAAGCGA	55.79	45	81.0	Anneals to pCCW12, overlaps to 2331bp_PCR_prod	TTTATTGATATAGTGTTTAAGCGA	24
P069	CacCPR_tCYC1	CACTATATCAATAAATCGGTCATGCAGTCAAGTAGTGTAA	54.85	40	72.0	Anneals to CacCPR_tCYC1, overlaps to pCCW12	ATGCAGTCAAGTAGTGTAA	19
P070	pCCW12	ATCCAATTGAGCCATGACCGATTTATTGATATAGTGTTTAAGCGA	55.79	45	81.0	Anneals to pCCW12, overlaps to 2289bp_PCR_prod	TTTATTGATATAGTGTTTAAGCGA	24
P071	AniCPR_tCYC1	CACTATATCAATAAATCGGTCATGGCTCAATTGGATACT	55.31	39	70.2	Anneals to AniCPR_tCYC1, overlaps to pCCW12	ATGGCTCAATTGGATACT	18
P072	pCCW12	TTCAGTTTCATCCATGACCGATTTATTGATATAGTGTTTAAGCGA	55.79	45	81.0	Anneals to pCCW12, overlaps to 2244bp_PCR_prod	TTTATTGATATAGTGTTTAAGCGA	24
P073	CpoCPR_tCYC1	CACTATATCAATAAATCGGTCATGGATGAAACTGAAGCTA	54.98	40	72.0	Anneals to CpoCPR_tCYC1, overlaps to pCCW12	ATGGATGAAACTGAAGCTA	19
P074	pCCW12	TGAGGTGGAGTCCATGACCGATTTATTGATATAGTGTTTAAGCGA	55.79	45	81.0	Anneals to pCCW12, overlaps to 2331bp_PCR_prod	TTTATTGATATAGTGTTTAAGCGA	24
P075	OeuCPR_tCYC1	CACTATATCAATAAATCGGTCATGGACTCCACCTCA	55.76	36	64.8	Anneals to OeuCPR_tCYC1, overlaps to pCCW12	ATGGACTCCACCTCA	15
P076	pCCW12	AAGAGCTGATGTCATGACCGATTTATTGATATAGTGTTTAAGCGA	55.79	45	81.0	Anneals to pCCW12, overlaps to 2283bp_PCR_prod	TTTATTGATATAGTGTTTAAGCGA	24
P077	AthATR1_tCYC1	CACTATATCAATAAATCGGTCATGACATCAGCTCTTTACG	55.6	40	72.0	Anneals to AthATR1_tCYC1, overlaps to pCCW12	ATGACATCAGCTCTTTACG	19
P078	pCCW12	GGAGGATGAGTCCATGACCGATTTATTGATATAGTGTTTAAGCGA	55.79	45	81.0	Anneals to pCCW12, overlaps to 2349bp_PCR_prod	TTTATTGATATAGTGTTTAAGCGA	24
P079	CroCPR_tCYC1	CACTATATCAATAAATCGGTCATGGACTCATCCTCC	53.48	36	64.8	Anneals to CroCPR_tCYC1, overlaps to pCCW12	ATGGACTCATCCTCC	15
